{
    "elapsed_time": 0.8798986010006047,
    "num_requests": 64,
    "total_num_tokens": 40960,
    "requests_per_second": 72.73565377558319,
    "tokens_per_second": 46550.818416373244
}