{
    "elapsed_time": 0.7615278430002945,
    "num_requests": 64,
    "total_num_tokens": 40960,
    "requests_per_second": 84.04157587705595,
    "tokens_per_second": 53786.60856131581
}